size_dataset,num_attacks,Tmax,learning_rate,P,N,TP,FP,Alerts,Execution_time
1000,1,20,0.4,3,997,3,0,1,0.58018479347229
2000,3,20,0.4,9,1991,9,0,3,1.3355409383773804
4000,6,20,0.4,18,3982,18,0,6,2.260263228416443
8000,13,20,0.4,78,7922,78,0,26,5.51414988040924
16000,26,20,0.4,78,15922,78,0,26,11.680536890029908
32000,53,20,0.4,159,31841,159,0,53,21.817360377311708
