Tmax,learning_rate,P,N,TP,FP,Alerts,Execution_time
20,0.4,78,15922,78,0,26,10.915504336357117
40,0.4,78,15922,78,0,26,12.231449365615845
80,0.4,78,15922,78,0,26,17.344698572158812
160,0.4,78,15922,78,0,26,27.919203019142152
320,0.4,78,15922,78,0,26,55.9031965970993
640,0.4,81,15919,78,3,27,97.71807835102081
1280,0.4,81,15919,78,3,27,184.86836507320405
