Tmax,learning_rate,P,N,TP,FP,Alerts,Execution_time
20,0.4,198,802,198,0,66,2.6630496978759766
40,0.4,198,802,198,0,66,4.059956812858582
80,0.4,204,796,204,0,68,6.685070133209228
160,0.4,207,793,207,0,69,12.564371800422668
320,0.4,210,790,210,0,70,22.017514753341676
640,0.4,213,787,213,0,71,35.67257571220398
1280,0.4,213,787,213,0,71,45.85596113204956
